tweet_id,created_at,text,user_id,screen_name,verified,followers_count,retweet_count,like_count,hashtags,mentions,urls,language
1886565185701495249,Mon Feb 03 23:59:25 +0000 2025,Air Jordan 4 ‚ÄúBlack cats‚Äù Vs ‚ÄúBlack cat‚Äù 3s üêà‚Äç‚¨õüî• Which one is better ?üëÄ #Trending #explorepage #sneakerhead #fyp #jordan #nike #streetwear #retro #jumpman #copordrop https://t.co/U6H4uEvPXT,1877252495157932032,wtfwoadie,False,2,1,2,"['#Trending', '#explorepage', '#sneakerhead', '#fyp', '#jordan', '#nike', '#streetwear', '#retro', '#jumpman', '#copordrop']",[],['https://t.co/U6H4uEvPXT'],en
1886565176352112960,Mon Feb 03 23:59:23 +0000 2025,Same energy as dumb republicans burning their Nike wear they already purchased,564837622,Kill_Cam13,False,205,0,0,[],[],[],en
1886565008575750461,Mon Feb 03 23:58:43 +0000 2025,"@APMahoney @snkr_twitr @Nike @trvisXX @nikestore I can‚Äôt believe my pair only 1108 and still don‚Äôt arrive yet,lol Congrats,fam üî•ü´°",1098274746,MR_CALL_DUTY,False,1150,0,1,[],"['@APMahoney', '@snkr_twitr', '@Nike', '@trvisXX', '@nikestore']",[],en
1886564986517889403,Mon Feb 03 23:58:38 +0000 2025,@TBGeneration @Nike It‚Äôs lit,1834310863974547456,aswann939,False,47,0,0,[],"['@TBGeneration', '@Nike']",[],en
1886564954024608191,Mon Feb 03 23:58:30 +0000 2025,i like my bitch when she wear her nike skii,1461190477177397250,kcapriii_,False,500,1,1,[],[],[],en
1886564825095938298,Mon Feb 03 23:57:59 +0000 2025,i wonder how many people went and bought the Nike ACG‚Äôs cause Carti posted a fit pic wit em,4076320103,BALENCl,False,2419,0,1,[],[],[],en
1886564791231160655,Mon Feb 03 23:57:51 +0000 2025,@Nike can y'all please stop playing with my emotions? Y'all knew this was gonna sell out in size XL. So we need XXL too. Overstock. https://t.co/9A7xnBP2XZ,1743991543109693440,fortunetleeme,False,18,0,0,[],['@Nike'],['https://t.co/9A7xnBP2XZ'],en
1886564753725648971,Mon Feb 03 23:57:42 +0000 2025,3rd and 14 BTW,1135334755359047680,NikeCortezzz,False,18,0,0,[],[],[],en
1886564600180527367,Mon Feb 03 23:57:06 +0000 2025,"So... we need to spend trillions and trillions of dollars propping up other countries, for... ever? Because if we don't, we might be ""perceived"" as what we actually are?
That's just stupid.
What exactly are the benefits that these so called ""allies"" provide? All they do is trash us and take.
No more ass kissing these globalists.
Your way of thinking makes the USA a joke to the rest of the world.",855980164202639361,MoonCrow11,False,10632,0,0,[],[],[],en
1886564581587222701,Mon Feb 03 23:57:01 +0000 2025,Need that Nike outfit,280832990,OGLeak,False,1626,0,0,[],[],[],en
1886564547638558779,Mon Feb 03 23:56:53 +0000 2025,@TheEuropeanLad Wtf are u talking about,1620236012919078912,BigTigahNike,False,8,0,0,[],['@TheEuropeanLad'],[],en
1886564477312884767,Mon Feb 03 23:56:36 +0000 2025,My type‚Ä¶. I‚Äôll get her hella Nike‚Ä¶. She just do it,3119254757,Cvt_jd,False,1248,0,0,[],[],[],en
1886564473898459254,Mon Feb 03 23:56:35 +0000 2025,@NBA2K That‚Äôs why I signed with Nike in 2k !,1240287418353364992,1wayglokkbrazy,False,48,0,0,[],['@NBA2K'],[],en
1886564403211882904,Mon Feb 03 23:56:19 +0000 2025,@EssexPR Freezing our pensioners and taking our money so we can supply illegals with the latest nike tracksuit....,3013044358,RobFranklin123,False,23,0,0,[],['@EssexPR'],[],en
1886564270634086736,Mon Feb 03 23:55:47 +0000 2025,Central Cee Likes to Think He Made Nike Tech Fleece Tracksuits Popular https://t.co/VLz0G3OHZk,170830333,syncmashene,False,1040,0,0,[],[],['https://t.co/VLz0G3OHZk'],en
1886768053708579237,Tue Feb 04 13:25:33 +0000 2025,"@Nike @janniksin Would you PROTECT WOMEN SPORTS‚Ä¶. Instead of business as usual? Would you‚Ä¶. JUST DO IT? 

https://t.co/6V3yv6mFUF",1598305629176668160,Simina_123,False,556,0,3,[],"['@Nike', '@janniksin']",['https://t.co/6V3yv6mFUF'],en
1886609133639471294,Tue Feb 04 02:54:03 +0000 2025,@Nike @janniksin Dear Nike‚Ä¶,1594875595531468806,nikolina0315,False,974,0,8,[],"['@Nike', '@janniksin']",[],en
1886547314661310568,Mon Feb 03 22:48:24 +0000 2025,"@Nike 

And you have this vile person as a Brand Ambassador???   

Matildas captain Sam Kerr called a police officer ‚Äúf---ing stupid and white‚Äù

https://t.co/QO0ms0Ahfi",1798226839523168256,dwk1889392,False,281,2,7,[],['@Nike'],['https://t.co/QO0ms0Ahfi'],en
1886517011628671459,Mon Feb 03 20:48:00 +0000 2025,"@Nike @Madison_Keys Thank goodness Madison is not in high school or college
https://t.co/aura47v6NX",1546334125618896896,ThatsniceH,False,2014,0,2,[],"['@Nike', '@Madison_Keys']",['https://t.co/aura47v6NX'],en
1886496864926884076,Mon Feb 03 19:27:56 +0000 2025,@Nike y‚Äôall can keep the Bred I‚Äôm reaching for the stars! https://t.co/kLigPjf63Y,235347464,Harry_Suede,False,98,0,2,[],['@Nike'],['https://t.co/kLigPjf63Y'],en
1886439298515251653,Mon Feb 03 15:39:11 +0000 2025,"@Nike @janniksin Stick up for the girls!!

https://t.co/ynRZzyTjh3",1688366070,sullivan_bamy,False,104,0,2,[],"['@Nike', '@janniksin']",['https://t.co/ynRZzyTjh3'],en
1885745994123653226,Sat Feb 01 17:44:15 +0000 2025,@Nike RELEASE THE PICS,1117275474856595456,SteeloPHX_,False,2052,0,3,[],['@Nike'],[],en
1885350478256496643,Fri Jan 31 15:32:36 +0000 2025,@Nike @nikestore @snkr_twitr I thought nobody wanted these...fastest L of my life smh ü§¨ü§¶üèæ‚Äç‚ôÇÔ∏è https://t.co/Dkhh3Ra9Yh,1512791186985164802,Brandon25310904,False,180,0,2,[],"['@Nike', '@nikestore', '@snkr_twitr']",['https://t.co/Dkhh3Ra9Yh'],en
1886922654512304224,Tue Feb 04 23:39:52 +0000 2025,@nike can we (Indiana Fever) get a new uniform this year? üôÇ,1188689533476528129,fl0ridab0yruss,False,820,0,2,[],['@nike'],[],en
1886918829173051762,Tue Feb 04 23:24:40 +0000 2025,@Nike @nikestore  devastated üíî https://t.co/KkzzRLxUZ8,399750903,Mosquedaway,False,326,0,0,[],"['@Nike', '@nikestore']",['https://t.co/KkzzRLxUZ8'],en
1886918634053705884,Tue Feb 04 23:23:54 +0000 2025,@nike if I can‚Äôt be apart of SNKRS pass then don‚Äôt put it on my feed,1117170756,Draristotle,False,406,0,0,[],['@nike'],[],en
1886916196974649421,Tue Feb 04 23:14:13 +0000 2025,@Nike will you stand up for women and girls in sports?,27072869,fairbanksdan,False,95,0,1,[],['@Nike'],[],en
1886902769300238457,Tue Feb 04 22:20:51 +0000 2025,@Nike y‚Äôall have to stop narrowing all the shoes at the toes. Look at this image. The toe is anatomically out the shoe.,1089800801474826240,knowledge_is_ki,False,340,0,0,[],['@Nike'],[],en
1886901207182025002,Tue Feb 04 22:14:39 +0000 2025,@nike DO IT‚úîÔ∏è NOW‚ÄºÔ∏è,22766075,Faith703,False,237,0,0,[],['@nike'],[],en
1886900027760562489,Tue Feb 04 22:09:58 +0000 2025,@UnderArmour is there a delay to this year's BHM Collection ?,369196522,poetpride87,False,3,0,0,[],['@UnderArmour'],[],en
1886899328016638374,Tue Feb 04 22:07:11 +0000 2025,@Nike Will you stand up for us? #SaveWomensSports,1876817907554177024,KaitlynSpeaks,False,157,0,0,['#SaveWomensSports'],['@Nike'],[],en
1886885670792434011,Tue Feb 04 21:12:55 +0000 2025,@Nike ‚Ä¶.your move,272240195,TheDinger21,False,312,0,0,[],['@Nike'],[],en
1886873104716022203,Tue Feb 04 20:22:59 +0000 2025,@Nike Nike has the best employees and I am impressed with Tyree( for answering all my questions with lots of patience) for 2 days . Dani being  a wonderful customer service person . Talbots and Tommy Hilfiger needs training from Nike.,1737715107776376832,RimaBan2115095,False,8,0,1,[],['@Nike'],[],en
1886861886630867331,Tue Feb 04 19:38:24 +0000 2025,@Nike well???,1466537624349417473,Dina_Shakti,False,6315,0,0,[],['@Nike'],[],en
1886857380878495785,Tue Feb 04 19:20:30 +0000 2025,"@Nike enough of your silence. 
Girls and women are being erased in their own sports and spaces. 
STAND UP for them. 
If you don‚Äôt - when this is all over - you will always be remembered for NOT ‚Äújust doing it‚Äù 
#SaveWomensSports #WomenAreHumanToo",20228837,emmako,False,2236,0,0,"['#SaveWomensSports', '#WomenAreHumanToo']",['@Nike'],[],en
1886855728641499553,Tue Feb 04 19:13:56 +0000 2025,@Nike well will you?,44885702,Murnettie,False,232,0,0,[],['@Nike'],[],en
1889100244048343415,Mon Feb 10 23:52:50 +0000 2025,@Nike @officialdoechii @CaitlinClark22 @Jujubballin @sabrina_i20 @alexiaputellas @MalPugh Wrong.,1506795189507031046,lpaterno210,False,51,0,0,[],"['@Nike', '@officialdoechii', '@CaitlinClark22', '@Jujubballin', '@sabrina_i20', '@alexiaputellas', '@MalPugh']",[],en
1889099204758319592,Mon Feb 10 23:48:42 +0000 2025,"@Nike @officialdoechii @CaitlinClark22 @Jujubballin @sabrina_i20 @alexiaputellas @MalPugh Remember, NIKE is for money, not for women. If NIKE supported women, they would agree that men do not belong in womans sports. Namely Trans competition is putting a person that likes to look like a woman but has the lungs, hands, muscles, size, etc. of a MAN.",1494762279514034184,CassieLillian,False,1095,0,0,[],"['@Nike', '@officialdoechii', '@CaitlinClark22', '@Jujubballin', '@sabrina_i20', '@alexiaputellas', '@MalPugh']",[],en
1889099085929447662,Mon Feb 10 23:48:14 +0000 2025,@adidas I need some OG Country in men's purple please.  Size 13. Do better lol,192245931,KING_in_MEMPHIS,False,4472,0,0,[],['@adidas'],[],en
1889098808002539846,Mon Feb 10 23:47:08 +0000 2025,@Nike BOYCOTT NIKE! THERE ARE LOTS OF BRANDS TO WEAR! NIKE AND BUDWEISER TWO PEAS IN A BOD! Lots and lots of other beer and lots and lots of other brands! DON‚ÄôT NEED EITHER ONE!,1510979927906172933,McMccollam,False,680,0,0,[],['@Nike'],[],en
1889097700949348480,Mon Feb 10 23:42:44 +0000 2025,@Nike @its_whitney You‚Äôre vile misogynists who defend violence by men against women and call it ‚Äúsport.‚Äù,1594131900,AugustinaJJD,False,2030,0,1,[],"['@Nike', '@its_whitney']",[],en
1889097459068002715,Mon Feb 10 23:41:46 +0000 2025,@Nike your Superbowl ad was disgusting.,58814712,49gentrybrenda,False,1340,0,0,[],['@Nike'],[],en
1889097267002700172,Mon Feb 10 23:41:00 +0000 2025,@Nike @its_whitney Lol its garbage,907115792226906112,Ser_Velvet,False,150,0,1,[],"['@Nike', '@its_whitney']",[],en
1889097255933612416,Mon Feb 10 23:40:58 +0000 2025,@Nike @officialdoechii @CaitlinClark22 @Jujubballin @sabrina_i20 @alexiaputellas @MalPugh Aren‚Äôt you for men in women‚Äôs sports? üòí,1540497957782523904,LGBFJB1168,False,369,0,0,[],"['@Nike', '@officialdoechii', '@CaitlinClark22', '@Jujubballin', '@sabrina_i20', '@alexiaputellas', '@MalPugh']",[],en
1889096784250814892,Mon Feb 10 23:39:05 +0000 2025,"@Nike @officialdoechii @CaitlinClark22 @Jujubballin @sabrina_i20 @alexiaputellas @MalPugh No, women are told they have to compete with MEN, which you, as a company, support. Should women ""win anyway"" against MEN?",758410345,kmjohnlocky,False,39,0,0,[],"['@Nike', '@officialdoechii', '@CaitlinClark22', '@Jujubballin', '@sabrina_i20', '@alexiaputellas', '@MalPugh']",[],en
1889096362203259052,Mon Feb 10 23:37:25 +0000 2025,@Nike @officialdoechii @CaitlinClark22 @Jujubballin @sabrina_i20 @alexiaputellas @MalPugh Now there is one more guarantee‚Ä¶..women  won‚Äôt  have  to  compete  against  men  in  WOMENS  sport.,869984022759395340,JayNeckhammer,False,486,0,0,[],"['@Nike', '@officialdoechii', '@CaitlinClark22', '@Jujubballin', '@sabrina_i20', '@alexiaputellas', '@MalPugh']",[],en
1889096111677165857,Mon Feb 10 23:36:25 +0000 2025,"@Nike @officialdoechii @CaitlinClark22 @Jujubballin @sabrina_i20 @alexiaputellas @MalPugh Beautiful, Nike. Women move the world forward, not backward. Let‚Äôs fight together.‚öΩÔ∏è",1730697346801901568,ee9693392680421,False,1,0,0,[],"['@Nike', '@officialdoechii', '@CaitlinClark22', '@Jujubballin', '@sabrina_i20', '@alexiaputellas', '@MalPugh']",[],en
1889096067666313411,Mon Feb 10 23:36:14 +0000 2025,@Nike @its_whitney Nike still supports men in women‚Äôs sports. This ad means nothing.,190904024,Robyna14,False,46,0,0,[],"['@Nike', '@its_whitney']",[],en
1889094948424921575,Mon Feb 10 23:31:48 +0000 2025,"@Nike @officialdoechii @CaitlinClark22 @Jujubballin @sabrina_i20 @alexiaputellas @MalPugh All i kept thinking about during your ad @Nike, was the vastly superior one from @xx_xyathletics 

'Bo knows' you're a bunch of spinless aholes.",1837936202642538496,Dirtsider73,False,27,0,0,[],"['@Nike', '@officialdoechii', '@CaitlinClark22', '@Jujubballin', '@sabrina_i20', '@alexiaputellas', '@MalPugh', '@Nike', '@xx_xyathletics']",[],en
1889094860763725971,Mon Feb 10 23:31:27 +0000 2025,@Nike is a garbage company,1276651486752243712,krafka_michael,False,8030,0,0,[],['@Nike'],[],en
1889093667618759041,Mon Feb 10 23:26:42 +0000 2025,"@Nike @officialdoechii @CaitlinClark22 @Jujubballin @sabrina_i20 @alexiaputellas @MalPugh Ok ‚Ä¶ is it you can‚Äôt win against men in women‚Äôs sports. 
So women need too train harder ‚Äújust do it‚Äù",1553149501883711489,stone_crone,False,811,0,0,[],"['@Nike', '@officialdoechii', '@CaitlinClark22', '@Jujubballin', '@sabrina_i20', '@alexiaputellas', '@MalPugh']",[],en
1889093658827465027,Mon Feb 10 23:26:40 +0000 2025,@Nike fade into irrelevancy,1348504090200989697,RepBusinessDir,False,3706,0,1,[],['@Nike'],[],en
1889093040658170130,Mon Feb 10 23:24:13 +0000 2025,@Nike I cannot stress this enough but CC got green eyes not brown ok‚Ä¶ if you guys go and edit her photos again. Thank you! https://t.co/F5F9ZIYqkK,172910761,ouatdemii,False,3934,0,0,[],['@Nike'],['https://t.co/F5F9ZIYqkK'],en
1889092810521162068,Mon Feb 10 23:23:18 +0000 2025,@Nike When are you going to stop using slave and child labor to make your over priced products? https://t.co/RDvYPt9D5f,246663137,huckman316,False,199,0,0,[],['@Nike'],['https://t.co/RDvYPt9D5f'],en
1889092348875096358,Mon Feb 10 23:21:28 +0000 2025,@Nike This is spot on.  You were silent when men invaded women‚Äôs sports.  You were complicit in undermining women athletes.  You should sit this one out‚Ä¶too little too late.,130248742,Jennykins63,False,448,0,0,[],['@Nike'],[],en
1889089921589342311,Mon Feb 10 23:11:49 +0000 2025,"@Nike @officialdoechii @CaitlinClark22 @Jujubballin @sabrina_i20 @alexiaputellas @MalPugh I bet these evil, but invisible, people yelling at chics in sports are the same ones who steal socks from my dryer. Thank you Nike for spotlighting this critical issue! 

I need my socks back.",16349164,michaelrentiers,False,1683,0,0,[],"['@Nike', '@officialdoechii', '@CaitlinClark22', '@Jujubballin', '@sabrina_i20', '@alexiaputellas', '@MalPugh']",[],en
1889089737522331875,Mon Feb 10 23:11:05 +0000 2025,"@Nike @officialdoechii @CaitlinClark22 @Jujubballin @sabrina_i20 @alexiaputellas @MalPugh Fake
Stand up for girls sports
Or be quiet
We the customers see thru you",1519279026979819520,cyannbartlett,False,579,0,1,[],"['@Nike', '@officialdoechii', '@CaitlinClark22', '@Jujubballin', '@sabrina_i20', '@alexiaputellas', '@MalPugh']",[],en
1889089329038840032,Mon Feb 10 23:09:28 +0000 2025,"@Nike @officialdoechii @CaitlinClark22 @Jujubballin @sabrina_i20 @alexiaputellas @MalPugh You can‚Äôt win, so win?? The ever loving fuck does that mean?",1810780062733713408,BettyD547689,False,86,0,0,[],"['@Nike', '@officialdoechii', '@CaitlinClark22', '@Jujubballin', '@sabrina_i20', '@alexiaputellas', '@MalPugh']",[],en
1889088620830609899,Mon Feb 10 23:06:39 +0000 2025,"@Nike @officialdoechii @CaitlinClark22 @Jujubballin @sabrina_i20 @alexiaputellas @MalPugh Horrible message, horrible commercial. Nike just sucks.",1810780062733713408,BettyD547689,False,86,0,0,[],"['@Nike', '@officialdoechii', '@CaitlinClark22', '@Jujubballin', '@sabrina_i20', '@alexiaputellas', '@MalPugh']",[],en
1889088052934357113,Mon Feb 10 23:04:24 +0000 2025,@Nike Angle Reese. 2024 air ball champion wnba https://t.co/6WWNmV2JZ2,193256495,3k1d,False,101,0,0,[],['@Nike'],['https://t.co/6WWNmV2JZ2'],en
1889087483603763454,Mon Feb 10 23:02:08 +0000 2025,"@Nike @officialdoechii @CaitlinClark22 @Jujubballin @sabrina_i20 @alexiaputellas @MalPugh Bio Men are men. Period. And, if we need to reinforce Title 9 to keep these nuts away from women in sports, we will.

Nike, you keep about 3% of fans who get off on this crap.
You lose about 70%.",1354214961023651840,Somespeakup,False,193,0,0,[],"['@Nike', '@officialdoechii', '@CaitlinClark22', '@Jujubballin', '@sabrina_i20', '@alexiaputellas', '@MalPugh']",[],en
1889086882606371177,Mon Feb 10 22:59:45 +0000 2025,@Nike women do not agree to give up our safety/spots/awards/places/spaces to confused men.  Full stop.,954717760319250432,lissamac15,False,73,0,0,[],['@Nike'],[],en
1889085516995502222,Mon Feb 10 22:54:19 +0000 2025,@Nike ever heard of @HuskerVB,1797768374098747392,Gerdbertt,False,46,0,0,[],"['@Nike', '@HuskerVB']",[],en
1889084724058243315,Mon Feb 10 22:51:10 +0000 2025,@Nike @officialdoechii @CaitlinClark22 @Jujubballin @sabrina_i20 @alexiaputellas @MalPugh Nike supports men playing in women‚Äôs sports. Sit down.,1531367871275745282,RedWaveLLC,False,2141,0,4,[],"['@Nike', '@officialdoechii', '@CaitlinClark22', '@Jujubballin', '@sabrina_i20', '@alexiaputellas', '@MalPugh']",[],en
1889082918808736051,Mon Feb 10 22:43:59 +0000 2025,"@Nike @officialdoechii @CaitlinClark22 @Jujubballin @sabrina_i20 @alexiaputellas @MalPugh Stop with the oppression and victimhod Woke narratives, losers.  Just make it about talented women (adult human females), FFS!",1480976099039272961,SpaceWoot,False,613,0,3,[],"['@Nike', '@officialdoechii', '@CaitlinClark22', '@Jujubballin', '@sabrina_i20', '@alexiaputellas', '@MalPugh']",[],en
1889082781331759274,Mon Feb 10 22:43:27 +0000 2025,"@Nike @its_whitney üñï you. Men pretending to be women do not belong in REAL WOMEN‚ÄôS SPORTS! oh, and‚Ä¶. There are only TWO genders.",1519558881537581057,patti_lake,False,3837,0,2,[],"['@Nike', '@its_whitney']",[],en
1889082137690726649,Mon Feb 10 22:40:53 +0000 2025,@Nike what the hell is wrong with you? How do you make a commercial and not mention Clark? I will never buy anything from you ever again unless it‚Äôs a Clark item ever.  So over the white hate!,1340771592998150152,tpenley1971,False,281,0,3,[],['@Nike'],[],en
1889080813855314069,Mon Feb 10 22:35:38 +0000 2025,"@Nike @nikebasketball  seriously, does your owner, children of the owner, relative of the owner low key hate CC or what? What kind of fuckery you guys not mentioning CC?",1791925532910612480,Leah_Rising,False,12,0,6,[],"['@Nike', '@nikebasketball']",[],en
1889079703136342158,Mon Feb 10 22:31:13 +0000 2025,@adidas @newbalance Headed to Costa Rica for Goodwill Trip. Team jogging suits needed.,51815545,NYFinestBeisbol,False,2275,0,0,[],"['@adidas', '@newbalance']",[],en
1889076687016472901,Mon Feb 10 22:19:14 +0000 2025,@Nike @officialdoechii @CaitlinClark22 @Jujubballin @sabrina_i20 @alexiaputellas @MalPugh Could watch Caitlin Clark all day!,1678604714835886081,Youraccess2me,False,6,0,0,[],"['@Nike', '@officialdoechii', '@CaitlinClark22', '@Jujubballin', '@sabrina_i20', '@alexiaputellas', '@MalPugh']",[],en
1889076333268898122,Mon Feb 10 22:17:49 +0000 2025,@Nike nails it again. These shoes are sexy af. Great mix of the classic late 80s Jordan's with modern styling. Might try red laces but 10/10 anyways. https://t.co/WjGdgCCRhv,1753802746669473792,JesseJamesAinj,False,623,0,0,[],['@Nike'],['https://t.co/WjGdgCCRhv'],en
1889075829511958943,Mon Feb 10 22:15:49 +0000 2025,@Nike #boycottnike go woke go broke,794566447179517953,DiamondHranxh,False,8,0,0,['#boycottnike'],['@Nike'],[],en
1889074517676564550,Mon Feb 10 22:10:36 +0000 2025,@Nike @nikebasketball I need a date for the new @_ajawilson22 T-shirt..I must have refreshed this Nike app a million times today.hoping not to miss the drop,1152556387,alysianelson,False,72,0,1,[],"['@Nike', '@nikebasketball', '@_ajawilson22']",[],en
1889074449066176729,Mon Feb 10 22:10:20 +0000 2025,@Nike Is Nike talking about all the joos money ? I don‚Äôt get it?,1854209419829231616,huwhitedevil,False,114,0,1,[],['@Nike'],[],en
1889073930188845148,Mon Feb 10 22:08:16 +0000 2025,@Nike @officialdoechii @CaitlinClark22 @Jujubballin @sabrina_i20 @alexiaputellas @MalPugh One of the worst commercials of the night.,1585808997805957122,chad_loudin,False,6,0,0,[],"['@Nike', '@officialdoechii', '@CaitlinClark22', '@Jujubballin', '@sabrina_i20', '@alexiaputellas', '@MalPugh']",[],en
1889073675615293751,Mon Feb 10 22:07:16 +0000 2025,"@Nike @officialdoechii @CaitlinClark22 @Jujubballin @sabrina_i20 @alexiaputellas @MalPugh I cam , i just did it",1460896744942850049,_FUJOTUPU_,False,321,0,0,[],"['@Nike', '@officialdoechii', '@CaitlinClark22', '@Jujubballin', '@sabrina_i20', '@alexiaputellas', '@MalPugh']",[],en
1889073425341411814,Mon Feb 10 22:06:16 +0000 2025,@Nike lol your stupid commercial  -you can‚Äôt win so win ü§£- you are too late BRO!!! You really don‚Äôt understand women ü§£üòÇüòÇüòÇü§£üòÇüòÇüòÇü§£üòÇ,1844510789014781956,DragonitaXX,False,27,0,0,[],['@Nike'],[],en
1889072855545229314,Mon Feb 10 22:04:00 +0000 2025,"@Nike @officialdoechii @CaitlinClark22 @Jujubballin @sabrina_i20 @alexiaputellas @MalPugh NEVER going to trust you again Nike. First, Alberto Salazar was a doper. Second, you're fine with men in women's sports. Third, you constrain or cancel contracts when athletes get pregnant. Maybe you'd change that if it was a ""man"" who was pregnant.",16338442,BethBridges,False,20849,0,0,[],"['@Nike', '@officialdoechii', '@CaitlinClark22', '@Jujubballin', '@sabrina_i20', '@alexiaputellas', '@MalPugh']",[],en
1889072282565493127,Mon Feb 10 22:01:44 +0000 2025,"@Nike @officialdoechii @CaitlinClark22 @Jujubballin @sabrina_i20 @alexiaputellas @MalPugh Do you support trans women competing with biological women, @Nike?",948576577821929477,AnonBecauseOf,False,5603,0,0,[],"['@Nike', '@officialdoechii', '@CaitlinClark22', '@Jujubballin', '@sabrina_i20', '@alexiaputellas', '@MalPugh', '@Nike']",[],en
1889072095717437759,Mon Feb 10 22:00:59 +0000 2025,@Nike @officialdoechii @CaitlinClark22 @Jujubballin @sabrina_i20 @alexiaputellas @MalPugh You think being told you can‚Äôt do it is a woman only issue?,1083314689499643904,HomerHaze,False,454,0,0,[],"['@Nike', '@officialdoechii', '@CaitlinClark22', '@Jujubballin', '@sabrina_i20', '@alexiaputellas', '@MalPugh']",[],en
1889071144763892086,Mon Feb 10 21:57:12 +0000 2025,@Nike @officialdoechii @CaitlinClark22 @Jujubballin @sabrina_i20 @alexiaputellas @MalPugh @Nike is this you? https://t.co/N8ryBHdfcz,3016997880,keri7685,False,15,0,0,[],"['@Nike', '@officialdoechii', '@CaitlinClark22', '@Jujubballin', '@sabrina_i20', '@alexiaputellas', '@MalPugh', '@Nike']",['https://t.co/N8ryBHdfcz'],en
1889070157169054107,Mon Feb 10 21:53:17 +0000 2025,"@Nike @officialdoechii @CaitlinClark22 @Jujubballin @sabrina_i20 @alexiaputellas @MalPugh Not the company who supports men competing in women‚Äôs sports, trying to appease to women telling them they‚Äôre oppressed üòÇüòÇ",798434704940642304,Kristiaaannb,False,567,0,1,[],"['@Nike', '@officialdoechii', '@CaitlinClark22', '@Jujubballin', '@sabrina_i20', '@alexiaputellas', '@MalPugh']",[],en
1889068821404614849,Mon Feb 10 21:47:58 +0000 2025,"@Nike just drop CC if you don't fw her. If you won't mention her name, why put her in the graphics. Adidas will never move like this.",4858059646,LawSzn,False,2094,2,115,[],['@Nike'],[],en
1889068694212386979,Mon Feb 10 21:47:28 +0000 2025,@Nike @officialdoechii @CaitlinClark22 @Jujubballin @sabrina_i20 @alexiaputellas @MalPugh Oh so now you know what a woman is?,1689071076989341696,renee_sara48465,False,56,0,1,[],"['@Nike', '@officialdoechii', '@CaitlinClark22', '@Jujubballin', '@sabrina_i20', '@alexiaputellas', '@MalPugh']",[],en
1889068623744151655,Mon Feb 10 21:47:11 +0000 2025,"@Nike Says promocode is incorrect, inactive or does not exist",914100622239993858,tica0425,False,0,0,0,[],['@Nike'],[],en
1889068562456649850,Mon Feb 10 21:46:57 +0000 2025,@Nike did their big one with this!! üòàüó£Ô∏èüíÖüèº,1676693821,KDoyle_11,False,3438,0,0,[],['@Nike'],[],en
1889068532916240748,Mon Feb 10 21:46:50 +0000 2025,"@Nike @officialdoechii @CaitlinClark22 @Jujubballin @sabrina_i20 @alexiaputellas @MalPugh the way A Ma Mainere handled the bred 1 release was despicable. I understand a private party and backdoor for close affiliates, but to treat everyday citizens and nike customers like peasants and completely ignore us and disregard us after we waiting in line for hours is uncouth",4310320905,cog1967,False,0,0,0,[],"['@Nike', '@officialdoechii', '@CaitlinClark22', '@Jujubballin', '@sabrina_i20', '@alexiaputellas', '@MalPugh']",[],en
1889068305866015067,Mon Feb 10 21:45:55 +0000 2025,@Nike @officialdoechii @CaitlinClark22 @Jujubballin @sabrina_i20 @alexiaputellas @MalPugh Hard pass on Nike. Woman are not oppressed in this country unless they have to compete against men. Don‚Äôt remember Nike telling men to stay in their lane.,1694816396029427712,winkl759,False,2086,0,0,[],"['@Nike', '@officialdoechii', '@CaitlinClark22', '@Jujubballin', '@sabrina_i20', '@alexiaputellas', '@MalPugh']",[],en
1889067959320297949,Mon Feb 10 21:44:33 +0000 2025,@Nike Barkley was the piece they needed,1492342812011950083,overload1997,False,103,0,0,[],['@Nike'],[],en
1889067883583725738,Mon Feb 10 21:44:15 +0000 2025,@Nike @officialdoechii @CaitlinClark22 @Jujubballin @sabrina_i20 @alexiaputellas @MalPugh Start speaking up against men in women‚Äôs sports then.,2432274767,jones_brigette,False,807,0,0,[],"['@Nike', '@officialdoechii', '@CaitlinClark22', '@Jujubballin', '@sabrina_i20', '@alexiaputellas', '@MalPugh']",[],en
1889067849907372109,Mon Feb 10 21:44:07 +0000 2025,"@Nike please bring this to the UK please 

https://t.co/DmEwlahGZI

@Eagles #FlyEaglesFly #EaglesNation",84730623,WidowgastsM9,False,1160,0,0,"['#FlyEaglesFly', '#EaglesNation']","['@Nike', '@Eagles']",['https://t.co/DmEwlahGZI'],en
1889067746874511650,Mon Feb 10 21:43:42 +0000 2025,"@Nike @officialdoechii @CaitlinClark22 @Jujubballin @sabrina_i20 @alexiaputellas @MalPugh People are rejecting your virtue signaling nonsense. Stop creating victims before anything of the kind happens. Also, that‚Äôs the dumbest slogan I‚Äôve heard in a while",3303074943,PoToLGHOST,False,43,0,0,[],"['@Nike', '@officialdoechii', '@CaitlinClark22', '@Jujubballin', '@sabrina_i20', '@alexiaputellas', '@MalPugh']",[],en
1889067448818630676,Mon Feb 10 21:42:31 +0000 2025,@Nike It's always haters,1217868947980193798,cmann42,False,129,0,0,[],['@Nike'],[],en
1889066973415543228,Mon Feb 10 21:40:38 +0000 2025,"@Nike @its_whitney Your shoes CANT BE MADE IN AMERICA, they‚Äôd last too long. So it‚Äôs vietnam China crap, that falls apart.",321661510,Poman73,False,105,0,0,[],"['@Nike', '@its_whitney']",[],en
1889066850736079214,Mon Feb 10 21:40:09 +0000 2025,"@Nike @mariashriver So now Nike say female sports, are for biological females only. But you won't since most of your employees supports Trans mentally ill people invading locker rooms, ice, arenas, rinks, and bathrooms.",1282370412140277767,Guesswhofarted1,False,82,0,0,[],"['@Nike', '@mariashriver']",[],en
1889066446241825222,Mon Feb 10 21:38:32 +0000 2025,@Nike @brilewerke In my house the woman play more sports. Thank you @Nike https://t.co/o0jl8guvRP,824648227857240067,MOUNTAINMOMMA88,False,69,0,0,[],"['@Nike', '@brilewerke', '@Nike']",['https://t.co/o0jl8guvRP'],en
1889065390539440345,Mon Feb 10 21:34:20 +0000 2025,@Nike @officialdoechii @CaitlinClark22 @Jujubballin @sabrina_i20 @alexiaputellas @MalPugh Support XX-XY Athletics not Nike!,1539063622764093441,Bulldogface520,False,67,0,0,[],"['@Nike', '@officialdoechii', '@CaitlinClark22', '@Jujubballin', '@sabrina_i20', '@alexiaputellas', '@MalPugh']",[],en
1889063935393054994,Mon Feb 10 21:28:33 +0000 2025,"@Nike @officialdoechii @CaitlinClark22 @Jujubballin @sabrina_i20 @alexiaputellas @MalPugh We're literally living in Orwell's '1984'.

The most privileged, praised, and pampered group of people is claimed to be oppressed.",1624820376747360257,bottle__john,False,19,0,0,[],"['@Nike', '@officialdoechii', '@CaitlinClark22', '@Jujubballin', '@sabrina_i20', '@alexiaputellas', '@MalPugh']",[],en
1889063723962134701,Mon Feb 10 21:27:43 +0000 2025,"@Nike @officialdoechii @CaitlinClark22 @Jujubballin @sabrina_i20 @alexiaputellas @MalPugh This woke crap is so exhausting. No one is telling women they can do these things. In fact this ad is misogynistic for reinforcing old stereotypes. But one thing is for sure-there are only TWO genders, and we need to keep MEN out of WOMENS sports. It's that simple",23356520,lomasdec2,False,96,0,0,[],"['@Nike', '@officialdoechii', '@CaitlinClark22', '@Jujubballin', '@sabrina_i20', '@alexiaputellas', '@MalPugh']",[],en
1889063524653240598,Mon Feb 10 21:26:56 +0000 2025,@Nike @officialdoechii @CaitlinClark22 @Jujubballin @sabrina_i20 @alexiaputellas @MalPugh Nike with their usual woke garbage.,1624820376747360257,bottle__john,False,19,0,0,[],"['@Nike', '@officialdoechii', '@CaitlinClark22', '@Jujubballin', '@sabrina_i20', '@alexiaputellas', '@MalPugh']",[],en
1889063229604966866,Mon Feb 10 21:25:45 +0000 2025,@Nike @officialdoechii @CaitlinClark22 @Jujubballin @sabrina_i20 @alexiaputellas @MalPugh Dear Nike: I had no idea who A'ja Wilson was before Caitlin Clark.,1875937426923036672,RobinHicks53298,False,26,0,0,[],"['@Nike', '@officialdoechii', '@CaitlinClark22', '@Jujubballin', '@sabrina_i20', '@alexiaputellas', '@MalPugh']",[],en
1889463534058172696,Tue Feb 11 23:56:25 +0000 2025,"@Nike doesn‚Äôt just sell products‚Äîthey sell a movement, a mindset, and an emotion.

#MarketingLessons #NikeAd #BrandStrategy #Storytelling #MarketingTips https://t.co/OnFbbcv2Vg",1687603900537548801,CitrineRC,False,23,0,1,"['#MarketingLessons', '#NikeAd', '#BrandStrategy', '#Storytelling', '#MarketingTips']",['@Nike'],['https://t.co/OnFbbcv2Vg'],en
1889463045635613121,Tue Feb 11 23:54:29 +0000 2025,"@Nike @nikebasketball @_ajawilson22 @CaitlinClark22 @sabrina_i20 @nikestore @IndianaFever @nyliberty @LVAces @USWNT @MalPugh 

how many retweets for ya‚Äôll to send me some stuff from your new women‚Äôs sports line?? absolutely LOVED the Super Bowl commercial!!üòç",3333957977,Morgan19Emma,False,121,0,0,[],"['@Nike', '@nikebasketball', '@_ajawilson22', '@CaitlinClark22', '@sabrina_i20', '@nikestore', '@IndianaFever', '@nyliberty', '@LVAces', '@USWNT', '@MalPugh']",[],en
1889462036163133766,Tue Feb 11 23:50:28 +0000 2025,@Nike Nike ARGENTINA.,1709905799571472385,pirloavefenix,False,1276,0,0,[],['@Nike'],[],en
1889459893700010208,Tue Feb 11 23:41:57 +0000 2025,@Nike @CaitlinClark22 Promotes Caitlin Clark during Super Bowl commercials but next day just f‚Äôs her in follow up commercial what a joke so sad she signed with you guys,1685712691871059968,Maureenb_1821,False,0,0,0,[],"['@Nike', '@CaitlinClark22']",[],en
1889459371006206096,Tue Feb 11 23:39:53 +0000 2025,@Nike @Jujubballin Joke of a company,1685712691871059968,Maureenb_1821,False,0,0,0,[],"['@Nike', '@Jujubballin']",[],en
1889459194748678576,Tue Feb 11 23:39:11 +0000 2025,@Nike @CaitlinClark22 Nike has become a joke,1685712691871059968,Maureenb_1821,False,0,0,0,[],"['@Nike', '@CaitlinClark22']",[],en
1889458259209163121,Tue Feb 11 23:35:28 +0000 2025,@Nike @officialdoechii @CaitlinClark22 @Jujubballin @sabrina_i20 @alexiaputellas @MalPugh Do they fill stadiums,1577701364431556610,Ignite1792,False,5,0,0,[],"['@Nike', '@officialdoechii', '@CaitlinClark22', '@Jujubballin', '@sabrina_i20', '@alexiaputellas', '@MalPugh']",[],en
1889458125268209988,Tue Feb 11 23:34:56 +0000 2025,@Nike @Jujubballin Nike just needs to let Caitlin Clark go to a brand who really respects her and aren‚Äôt afraid promote her,1685712691871059968,Maureenb_1821,False,0,0,0,[],"['@Nike', '@Jujubballin']",[],en
1889458063230509353,Tue Feb 11 23:34:41 +0000 2025,@Nike @Jujubballin Nike just needs to let Caitlin Clark go to a brand who really respects her and aren‚Äôt afraid promote her,1685712691871059968,Maureenb_1821,False,0,0,0,[],"['@Nike', '@Jujubballin']",[],en
1889458019143954592,Tue Feb 11 23:34:30 +0000 2025,@Nike @CaitlinClark22 Nike just needs to let Caitlin Clark go to a brand who really respects her and aren‚Äôt afraid promote her,1685712691871059968,Maureenb_1821,False,0,0,0,[],"['@Nike', '@CaitlinClark22']",[],en
1889457938403627040,Tue Feb 11 23:34:11 +0000 2025,@Nike @officialdoechii @CaitlinClark22 @Jujubballin @sabrina_i20 @alexiaputellas @MalPugh Nike just needs to let Caitlin Clark go to a brand who really respects her and aren‚Äôt afraid promote her,1685712691871059968,Maureenb_1821,False,0,0,0,[],"['@Nike', '@officialdoechii', '@CaitlinClark22', '@Jujubballin', '@sabrina_i20', '@alexiaputellas', '@MalPugh']",[],en
1889457467278426434,Tue Feb 11 23:32:19 +0000 2025,@adidas and @Marvel a black tracksuit with the white venom torso design would go unfathomably hard. Lemme know,1901044525,Noeyesfiend,False,241,0,0,[],"['@adidas', '@Marvel']",[],en
1889456561627730286,Tue Feb 11 23:28:43 +0000 2025,@Nike @officialdoechii @CaitlinClark22 @Jujubballin @sabrina_i20 @alexiaputellas @MalPugh You can't make ads. So make ads.,1862133744678973441,occhiolic,False,0,0,0,[],"['@Nike', '@officialdoechii', '@CaitlinClark22', '@Jujubballin', '@sabrina_i20', '@alexiaputellas', '@MalPugh']",[],en
1889456018834309603,Tue Feb 11 23:26:33 +0000 2025,@Nike @officialdoechii @CaitlinClark22 @Jujubballin @sabrina_i20 @alexiaputellas @MalPugh Don‚Äôt act like you suddenly care about women in sports when you support men in women‚Äôs sports,1587431958342254594,Piercelington_,False,46,0,0,[],"['@Nike', '@officialdoechii', '@CaitlinClark22', '@Jujubballin', '@sabrina_i20', '@alexiaputellas', '@MalPugh']",[],en
1889451887503745348,Tue Feb 11 23:10:08 +0000 2025,"@Nike @officialdoechii @CaitlinClark22 @Jujubballin @sabrina_i20 @alexiaputellas @MalPugh What a Bull$hit video by company that uses slaves in 3rd world countries to make their shoes..
Women are not suppressed!
They are strong and back!
Quit portraying women as being suppressed because us REAL men and Husbands have ALWAYS had their backsü§°",1796759469369769984,BrettloveTrump,False,297,0,0,[],"['@Nike', '@officialdoechii', '@CaitlinClark22', '@Jujubballin', '@sabrina_i20', '@alexiaputellas', '@MalPugh']",[],en
1889449341305364650,Tue Feb 11 23:00:01 +0000 2025,"@Nike released its first Super Bowl commercial in 27 years on Sunday, and it garnered mixed reviews. | By @edler_krysyan 

https://t.co/q91JfVkvWR",15050354,Deseret,False,128418,0,0,[],"['@Nike', '@edler_krysyan']",['https://t.co/q91JfVkvWR'],en
1889448908621074568,Tue Feb 11 22:58:18 +0000 2025,@Nike prefers being woke to selling sports gear. There are plenty of other sporting goods companies.,1546612793952149510,Michael62358094,False,82,0,0,[],['@Nike'],[],en
1889446480324268253,Tue Feb 11 22:48:39 +0000 2025,@Nike @officialdoechii @CaitlinClark22 @Jujubballin @sabrina_i20 @alexiaputellas @MalPugh What a bunch of horse üí©.  No one is falling for it. You wasted a lot of money.,1827386633676587008,ARaeFreedo,False,198,0,0,[],"['@Nike', '@officialdoechii', '@CaitlinClark22', '@Jujubballin', '@sabrina_i20', '@alexiaputellas', '@MalPugh']",[],en
1889445397354950657,Tue Feb 11 22:44:21 +0000 2025,@Nike it‚Äôs time for yall to retro the KD7s,775311578417598466,trehuncho23,False,407,0,0,[],['@Nike'],[],en
1889445024548450797,Tue Feb 11 22:42:52 +0000 2025,@Nike standing by this vile woman ü§Æ,4134777388,Edwin_aj_mills,False,540,0,0,[],['@Nike'],[],en
1889444470976045081,Tue Feb 11 22:40:40 +0000 2025,"@Nike @officialdoechii @CaitlinClark22 @Jujubballin @sabrina_i20 @alexiaputellas @MalPugh Nike should terminate Sam Kerr‚Äôs sponsorship, as the vile words that spewed from her mouth to the cop were equally ü§Æüò°",596228973,SimpleBloke123,False,169,1,1,[],"['@Nike', '@officialdoechii', '@CaitlinClark22', '@Jujubballin', '@sabrina_i20', '@alexiaputellas', '@MalPugh']",[],en
1889439483197792530,Tue Feb 11 22:20:51 +0000 2025,@Nike Nah I'm still boycotting you guys !  Still remember your woke crap .,1471038169885855746,nikovl8684,False,528,0,0,[],['@Nike'],[],en
1889434948966187214,Tue Feb 11 22:02:50 +0000 2025,"@adidas involved in child labour scandal, they are not trustworthy, they also sponsor the avaricious Glazer family. Zero care about their integrity.
#GlazersOut 
#NotAPennyMore
#BoycottAdidas
https://t.co/as42n1VTeD",1449721374654799873,phil8699,False,7472,2,0,"['#GlazersOut', '#NotAPennyMore', '#BoycottAdidas']",['@adidas'],['https://t.co/as42n1VTeD'],en
1889427922651643983,Tue Feb 11 21:34:55 +0000 2025,@Nike @Fanatics Why can‚Äôt we get Nike Limited #eagles jerseys with the SB patch? #FlyEaglesFly #SuperBowl,1690545219488604161,adgoldwasser,False,14,0,1,"['#eagles', '#FlyEaglesFly', '#SuperBowl']","['@Nike', '@Fanatics']",[],en
1889427132998377750,Tue Feb 11 21:31:47 +0000 2025,"@Nike @officialdoechii @CaitlinClark22 @Jujubballin @sabrina_i20 @alexiaputellas @MalPugh Imagine endorsing a player who used the death of 3 young women to try and save their own bacon ?

Safe to say that was an after - thought and I bet that was pretty hurtful to the families ? 

Talk about privileged ?

Let‚Äôs see if Nike has any balls ?",1818827845164306432,mrjessup10,False,13,0,0,[],"['@Nike', '@officialdoechii', '@CaitlinClark22', '@Jujubballin', '@sabrina_i20', '@alexiaputellas', '@MalPugh']",[],en
1889423129279111502,Tue Feb 11 21:15:52 +0000 2025,@Nike @nikestore yall super lame. Yall tha ones creating the problem with jordan shoe. @hibbettsports in west memphis them folks hold shoes for certain people.,1555252065294852096,poloerrwhere,False,136,0,0,[],"['@Nike', '@nikestore', '@hibbettsports']",[],en
1889418635417891036,Tue Feb 11 20:58:01 +0000 2025,@Nike @officialdoechii @CaitlinClark22 @Jujubballin @sabrina_i20 @alexiaputellas @MalPugh Does Nike pay its women athletes the same as its men athletes ?,1282488233901907969,GGeaux37,False,143,0,0,[],"['@Nike', '@officialdoechii', '@CaitlinClark22', '@Jujubballin', '@sabrina_i20', '@alexiaputellas', '@MalPugh']",[],en
1889416227954549031,Tue Feb 11 20:48:27 +0000 2025,@Nike @amazon @pisorgpl @InPostPL1 @Nervarieno @nvidia @szymon_kasprzyk @famemmatv @LEROYMERLIN_PL give sponsor pls,1094339078571651072,Ravez01,False,190,0,1,[],"['@Nike', '@amazon', '@pisorgpl', '@InPostPL1', '@Nervarieno', '@nvidia', '@szymon_kasprzyk', '@famemmatv', '@LEROYMERLIN_PL']",[],en
1889414190609342541,Tue Feb 11 20:40:21 +0000 2025,"@adidas bro gang plssssss ill do anything, you can have all of my mutuals pls i need that jacket gang i cant do thisssssss https://t.co/z53IZibTvT",1861579901309952000,crucifixdior,False,75,0,0,[],['@adidas'],['https://t.co/z53IZibTvT'],en
1889413118708818092,Tue Feb 11 20:36:05 +0000 2025,@Nike @officialdoechii @CaitlinClark22 @Jujubballin @sabrina_i20 @alexiaputellas @MalPugh ...and winners use Duracell,82452420,Duracell,False,79305,0,1,[],"['@Nike', '@officialdoechii', '@CaitlinClark22', '@Jujubballin', '@sabrina_i20', '@alexiaputellas', '@MalPugh']",[],en
1889406709409652856,Tue Feb 11 20:10:37 +0000 2025,@Nike you are thieves,119200636,Jlagops,False,7,0,0,[],['@Nike'],[],en
1889406485870026927,Tue Feb 11 20:09:44 +0000 2025,@Nike @officialdoechii @CaitlinClark22 @Jujubballin @sabrina_i20 @alexiaputellas @MalPugh Your Super Bowl ad sucked. This family is over and out your goods.,1869038665764421632,soyrey_cr,False,61,0,0,[],"['@Nike', '@officialdoechii', '@CaitlinClark22', '@Jujubballin', '@sabrina_i20', '@alexiaputellas', '@MalPugh']",[],en
1889403394349285399,Tue Feb 11 19:57:27 +0000 2025,@Nike's So Win Collection: A Celebration of Women Who Move the Game Forward: https://t.co/TCJsK7jWx9,1293913989219381250,Kicksandfros,False,364,0,0,[],['@Nike'],['https://t.co/TCJsK7jWx9'],en
1889403052240806344,Tue Feb 11 19:56:05 +0000 2025,@Nike Just do it for the $VINE üå±,1388896832198266881,AndrewMease,False,5511,0,1,[],['@Nike'],[],en
1889398719629414880,Tue Feb 11 19:38:52 +0000 2025,"@Nike Drops a Retro Premier League Match Ball Pack
Football heritage.

Nike has re-released three of the best Premier League match balls over the years in a new ‚ÄòHeritage‚Äô ball pack. #RVnewz https://t.co/HVrdFu7Uyj",134451042,Revolve_Muzic,False,67401,0,0,['#RVnewz'],['@Nike'],['https://t.co/HVrdFu7Uyj'],en
1889394794906132825,Tue Feb 11 19:23:17 +0000 2025,@Nike @nikestore I think I‚Äôm having a technical difficulties with my account can anyone from Nike please reach out I need help.,1812399900950409216,JackieX42097,False,23,1,3,[],"['@Nike', '@nikestore']",[],en
1889394060026085491,Tue Feb 11 19:20:21 +0000 2025,@Nike Hey @Nike have a talk with @MarkZuckss he is allowing counterfeiters to advertise sell and promote fake sneakers on his #platform @instagram,1872725265128054784,Carlito_NewYork,False,28,0,0,['#platform'],"['@Nike', '@Nike', '@MarkZuckss', '@instagram']",[],en
1889390796828450978,Tue Feb 11 19:07:23 +0000 2025,@Nike @samkerr1 @ChelseaFC all that‚Äôs wrong in the world today summed up here.  Brown lesbian given woke privilege!!!  As a person of colour I find this offensive!!!,295898053,HomelanderUk,False,44,0,0,[],"['@Nike', '@samkerr1', '@ChelseaFC']",[],en
1889390709519888805,Tue Feb 11 19:07:02 +0000 2025,@Nike I said it once‚Ä¶ I‚Äôll say it again. Bring back Joga Bonito commercials,467966245,ThatOneKidBerto,False,244,0,0,[],['@Nike'],[],en
1889384460329926932,Tue Feb 11 18:42:13 +0000 2025,@Nike do you see this‚Ä¶ just in case you dont . Stop playing around and stop rage baiting.‚Ä¶ #FreeCC,1712891656213540864,amyflores18530,False,5,0,1,['#FreeCC'],['@Nike'],[],en
1889383461456335316,Tue Feb 11 18:38:14 +0000 2025,@Nike my short self got a piece of nike,948434210481688576,JayyRedDot,False,233,0,0,[],['@Nike'],[],en
1889379593376633210,Tue Feb 11 18:22:52 +0000 2025,"@Nike @CaitlinClark22 Fill stadiums????  Where The Hell have you been. How many of those women fill stadiums?? Why not just cancel Caitlin Clark agreement and let her go with A COMPANY WHO WILL ACTUALLY TREAT HER WITH RESPECT, LET HER GO TO ADIDAS FOR SOME  RESPECT",173335323,jcinpa01,False,28,0,2,[],"['@Nike', '@CaitlinClark22']",[],en
1889377576713596957,Tue Feb 11 18:14:51 +0000 2025,@nike get y‚Äôall shit together,1782260614527619072,1Bossplaya_,False,3,0,0,[],['@nike'],[],en
1889377333816996074,Tue Feb 11 18:13:53 +0000 2025,@Nike @nicekicks @nicedrops Where's my Dylan Mulvaney bra ?,1520957291511619584,kennybo07234281,False,377,0,0,[],"['@Nike', '@nicekicks', '@nicedrops']",[],en
1889375048890458264,Tue Feb 11 18:04:49 +0000 2025,@Nike No thanks after watching NFL ad,1490947374080208899,rightindian71,False,36,0,0,[],['@Nike'],[],en
1889373363958677999,Tue Feb 11 17:58:07 +0000 2025,@Nike is woke and gringe,1623773748540178432,AloisHoralek,False,31,0,0,[],['@Nike'],[],en
1889372978112082143,Tue Feb 11 17:56:35 +0000 2025,@Nike @officialdoechii @CaitlinClark22 @Jujubballin @sabrina_i20 @alexiaputellas @MalPugh Nike LOST ME!  WTF??,805620654,Darlened2011,False,103,0,0,[],"['@Nike', '@officialdoechii', '@CaitlinClark22', '@Jujubballin', '@sabrina_i20', '@alexiaputellas', '@MalPugh']",[],en
1889372118082613508,Tue Feb 11 17:53:10 +0000 2025,"@adidas @ASICSeurope and @UnderArmour all with some good deals at The Boulevard today.
@CastoreEngland on the other hand, dreadful.",81566575,Muggmort,False,579,0,0,[],"['@adidas', '@ASICSeurope', '@UnderArmour', '@CastoreEngland']",[],en
1889371499645272536,Tue Feb 11 17:50:42 +0000 2025,"@Nike @officialdoechii @CaitlinClark22 @Jujubballin @sabrina_i20 @alexiaputellas @MalPugh You can't pull an audience, so you earn less.",1701967182442205184,GryphonD2023,False,117,0,0,[],"['@Nike', '@officialdoechii', '@CaitlinClark22', '@Jujubballin', '@sabrina_i20', '@alexiaputellas', '@MalPugh']",[],en
1889370693520810161,Tue Feb 11 17:47:30 +0000 2025,"@Nike @officialdoechii @CaitlinClark22 @Jujubballin @sabrina_i20 @alexiaputellas @MalPugh Nike new commercial nothing said about CC22, just shirt in the back. Just don‚Äôt get it. One person fill the stands. Just one. You keep ignoring her. 
Bend over and pull your head out of your ass, along with your stock price.",784582767610884098,Rocksimpson60,False,99,0,0,[],"['@Nike', '@officialdoechii', '@CaitlinClark22', '@Jujubballin', '@sabrina_i20', '@alexiaputellas', '@MalPugh']",[],en
